{"cameraMode":{"drawMode":0,"name":"Shaded","section":"Shading Mode"},"sceneLighting":false,"audioPlay":false,"sceneViewState":{"showFog":true,"showMaterialUpdate":false,"showSkybox":true,"showFlares":true,"showImageEffects":true,"showParticleSystems":true},"in2DMode":false,"pivot":{"x":26.91053009033203,"y":16.274686813354493,"z":-2.195129632949829},"rotation":{"x":-0.023679722100496293,"y":0.026392297819256784,"z":0.0006252863095141947,"w":0.9993709921836853},"size":26.235408782958986,"orthographic":false}