{"cameraMode":{"drawMode":0,"name":"Shaded","section":"Shading Mode"},"sceneLighting":false,"audioPlay":false,"sceneViewState":{"showFog":true,"showMaterialUpdate":false,"showSkybox":true,"showFlares":true,"showImageEffects":true,"showParticleSystems":true},"in2DMode":false,"pivot":{"x":1185.91455078125,"y":538.6829833984375,"z":-1.5752933025360108},"rotation":{"x":0.010809367522597313,"y":-0.00659679900854826,"z":0.00007124443800421432,"w":0.9999198317527771},"size":1278.1146240234375,"orthographic":false}